array_size,sorted,reversed,shuffled 25.0%,shuffled 50.0%,shuffled 100.0%,shuffled 200.0%,shuffled 500.0%
5,25.0,22.0,20.333333333333332,21.0,21.333333333333332,24.666666666666668,20.0
10,52.0,57.666666666666664,56.0,58.333333333333336,55.666666666666664,55.333333333333336,57.666666666666664
25,266.3333333333333,282.6666666666667,270.6666666666667,278.0,290.3333333333333,287.3333333333333,282.3333333333333
50,1048.0,1083.0,1069.6666666666667,1082.0,1100.6666666666667,1098.6666666666667,1105.6666666666667
100,4150.333333333333,4252.0,4216.0,4247.666666666667,4286.0,4276.666666666667,4278.0
200,16466.333333333332,16708.0,16886.666666666668,16716.333333333332,16762.333333333332,16842.666666666668,17110.0
