array_size,sorted,reversed,shuffled 25.0%,shuffled 50.0%,shuffled 100.0%,shuffled 200.0%,shuffled 500.0%
5,20.0,59.0,17.666666666666668,18.0,19.666666666666668,22.333333333333332,19.666666666666668
10,70.66666666666667,61.0,48.333333333333336,54.0,84.0,126.0,81.66666666666667
25,343.6666666666667,339.6666666666667,320.6666666666667,354.3333333333333,355.6666666666667,370.0,434.3333333333333
50,1268.6666666666667,2330.3333333333335,1263.3333333333333,1062.0,1058.3333333333333,1004.0,982.6666666666666
100,3398.3333333333335,4573.333333333333,3689.6666666666665,3702.6666666666665,3857.0,3876.0,3927.0
200,13178.333333333334,17859.666666666668,14375.333333333334,15398.0,15749.333333333334,15177.333333333334,15370.666666666666
